"Timestamp","Did you study or teach in India during the Covid-19 pandemic? (In case of a student or teacher) Or if you are a parent, did your children study in India during the pandemic? (Here the pandemic specifically refers to the period between (between March 2020 and Feb 2022)","Are you a?","In which category of institution did your child study during the pandemic period (between March 2020 and Feb 2022)?","Did the introduction of online classes and remote learning during the pandemic cause financial burden on your family?","How satisfied are you with the way online learning was managed by your child’s school/university during the pandemic?","What challenges has your child faced in online classes? (multiple choices can be selected)","Do you have concerns about your child’s academic competence due to shift towards online learning during the pandemic?","What is your opinion on conducting hybrid classes after the Pandemic (Here by hybrid classes, we mean there is an option to either attend live lectures in person or view lecture recordings)","Which of these is most suitable for you?","What are the improvements your child's institution should have made while providing online education?(Optional question)","In which category of institution did you teach during the  pandemic period (between March 2020 and Feb 2022)?","Were you able to adapt with new ways of teaching?","What was the level of engagement of students  in your virtual classes?","Which of these benefits from online teaching apply to you? (multiple choices can be selected)","What challenges did you face while teaching online?  (multiple choices can be selected)","Did your students ask more questions in Remote Learning as compared to physical classes?","What is your opinion on conducting hybrid classes after the Pandemic (Here by hybrid classes, we mean there is an option to either attend live lectures in person or view lecture recordings)","Which form of education is most suitable according to you?","In which category of institution did you study during the pandemic period? (between March 2020 and Feb 2022)","Which devices have you used most often while learning online?","How often did you attend your online classes ?","Which of these possible benefits from online learning during the pandemic apply to you?  (multiple choices can be selected)","What challenges did you face with online education?  (multiple choices can be selected)","What is your opinion on conducting hybrid classes after the Pandemic (Here by hybrid classes, we mean there is an option to either attend live lectures in person or view lecture recordings)","Was your understanding from online learning satisfactory?","Which form of education is most suitable according to you?"
"2022/10/16 9:19:36 pm GMT+5:30","Yes","Parent/Guardian","College or University","No ,we adjusted easily","4","Communication gap with peers;Not having proper environment;Internet problem during studies and exams.","3","Hybrid classes should be a regular provision to incorporate digital literacy","Hybrid mode (There is option to either attend live lectures in person or view recordings , exams conducted at centers)","","","","","","","","","","","","","","","","",""
"2022/10/16 9:48:42 pm GMT+5:30","Yes","Student","","","","","","","","","","","","","","","","","College or University","Mobile phone","Attended but not very regular","More convenient to contact teachers from home to discuss doubts and get guidance","Internet unavailability;Power cuts;-Irregular schedules","Hybrid classes should be a regular provision to incorporate digital literacy","3","Hybrid mode (There is option to either attend live lectures in person or view recordings , exams conducted at centers)"
"2022/10/20 10:37:03 pm GMT+5:30","Yes","Parent/Guardian","High School (till 12 th grade)","No ,we adjusted easily","4","Communication gap with peers","3","Hybrid classes should be a regular provision to incorporate digital literacy","Hybrid mode (There is option to either attend live lectures in person or view recordings , exams conducted at centers)","More interactive","","","","","","","","","","","","","","","",""
"2022/10/21 4:36:35 pm GMT+5:30","No","","","","","","","","","","","","","","","","","","","","","","","","",""
"2022/10/21 4:48:50 pm GMT+5:30","Yes","Student","","","","","","","","","","","","","","","","","High School (till 12 th grade)","Desktop","Rarely","Recorded lectures made daily schedule flexible","Lack of resources;Unfamiliarity with technology","Hybrid classes should be conducted only during emergencies","4","Hybrid mode (There is option to either attend live lectures in person or view recordings , exams conducted at centers)"
"2022/10/21 4:49:24 pm GMT+5:30","Yes","Student","","","","","","","","","","","","","","","","","","Laptop/ Tablet","Attended but not very regular","Recorded lectures made daily schedule flexible","Internet unavailability;Power cuts","Hybrid classes should be conducted occasionally to supplement regular modes of learning","2","Offline learning ( Without any of video conferencing , recorded lectures, and online exams )"
"2022/10/21 4:50:01 pm GMT+5:30","Yes","Student","","","","","","","","","","","","","","","","","College or University","Laptop/ Tablet","Attended but not very regular","Recorded lectures made daily schedule flexible","Internet unavailability;Lack of resources;Unfamiliarity with technology;Power cuts","Hybrid classes should be conducted occasionally to supplement regular modes of learning","2","Online classes ( Through video conferencing  or recorded lectures, and online exams )"
"2022/10/26 8:16:42 pm GMT+5:30","Yes","Student","","","","","","","","","","","","","","","","","College or University","Laptop/ Tablet","Attended but not very regular","Recorded lectures made daily schedule flexible","Internet unavailability;Lack of resources;Unfamiliarity with technology;Power cuts","Hybrid classes should be conducted occasionally to supplement regular modes of learning","4","Online classes ( Through video conferencing  or recorded lectures, and online exams )"
"2022/10/26 8:42:04 pm GMT+5:30","Yes","Student","","","","","","","","","","","","","","","","","College or University","Laptop/ Tablet","Regularly or most often","More study resources helped prepare for exams better","Lack of resources;Unfamiliarity with technology;Power cuts","Hybrid classes should be a regular provision to incorporate digital literacy","4","Hybrid mode (There is option to either attend live lectures in person or view recordings , exams conducted at centers)"
"2022/10/26 8:42:48 pm GMT+5:30","Yes","Student","","","","","","","","","","","","","","","","","College or University","Laptop/ Tablet","Regularly or most often","More study resources helped prepare for exams better","Power cuts","Hybrid classes should be a regular provision to incorporate digital literacy","4","Hybrid mode (There is option to either attend live lectures in person or view recordings , exams conducted at centers)"
"2022/10/26 8:45:03 pm GMT+5:30","Yes","Student","","","","","","","","","","","","","","","","","College or University","Laptop/ Tablet","Regularly or most often","More study resources helped prepare for exams better","Power cuts","Hybrid classes should be a regular provision to incorporate digital literacy","4","Hybrid mode (There is option to either attend live lectures in person or view recordings , exams conducted at centers)"
"2022/10/26 8:45:33 pm GMT+5:30","Yes","Student","","","","","","","","","","","","","","","","","College or University","Laptop/ Tablet","Regularly or most often","More study resources helped prepare for exams better","Unfamiliarity with technology","Hybrid classes should be a regular provision to incorporate digital literacy","4","Hybrid mode (There is option to either attend live lectures in person or view recordings , exams conducted at centers)"
"2022/10/26 8:47:16 pm GMT+5:30","Yes","Parent/Guardian","College or University","No ,we adjusted easily","5","Not having proper environment","2","Hybrid classes should be a regular provision to incorporate digital literacy","Hybrid mode (There is option to either attend live lectures in person or view recordings , exams conducted at centers)","","","","","","","","","","","","","","","","",""
"2022/10/26 9:59:07 pm GMT+5:30","Yes","Student","","","","","","","","","","","","","","","","","High School (till 12 th grade)","Laptop/ Tablet","Attended but not very regular","More study resources helped prepare for exams better","Internet unavailability","Hybrid classes should be a regular provision to incorporate digital literacy","5","Offline learning ( Without any of video conferencing , recorded lectures, and online exams )"
"2022/10/27 6:16:23 pm GMT+5:30","Yes","Student","","","","","","","","","","","","","","","","","College or University","Laptop/ Tablet","Rarely","Syllabus was reduced;Recorded lectures made daily schedule flexible","Internet unavailability;Lack of resources","Hybrid classes should be a regular provision to incorporate digital literacy","3","Hybrid mode (There is option to either attend live lectures in person or view recordings , exams conducted at centers)"
"2022/10/27 7:10:33 pm GMT+5:30","Yes","Student","","","","","","","","","","","","","","","","","College or University","Laptop/ Tablet","Regularly or most often","More study resources helped prepare for exams better;Recorded lectures made daily schedule flexible;More convenient to contact teachers from home to discuss doubts and get guidance","Internet unavailability;Power cuts","Hybrid classes should be a regular provision to incorporate digital literacy","5","Hybrid mode (There is option to either attend live lectures in person or view recordings , exams conducted at centers)"
"2022/10/28 8:27:03 pm GMT+5:30","Yes","Student","","","","","","","","","","","","","","","","","College or University","Mobile phone","Attended but not very regular","Recorded lectures made daily schedule flexible","Lack of resources","Hybrid classes should be a regular provision to incorporate digital literacy","3","Hybrid mode (There is option to either attend live lectures in person or view recordings , exams conducted at centers)"
"2022/10/28 8:31:43 pm GMT+5:30","Yes","Student","","","","","","","","","","","","","","","","","College or University","Laptop/ Tablet","Regularly or most often","Recorded lectures made daily schedule flexible","Power cuts","Hybrid classes should be conducted occasionally to supplement regular modes of learning","4","Hybrid mode (There is option to either attend live lectures in person or view recordings , exams conducted at centers)"
"2022/10/28 8:33:21 pm GMT+5:30","Yes","Student","","","","","","","","","","","","","","","","","College or University","Laptop/ Tablet","Regularly or most often","Recorded lectures made daily schedule flexible","Internet unavailability","Hybrid classes should be conducted occasionally to supplement regular modes of learning","4","Hybrid mode (There is option to either attend live lectures in person or view recordings , exams conducted at centers)"
"2022/10/28 8:34:31 pm GMT+5:30","Yes","Student","","","","","","","","","","","","","","","","","College or University","Mobile phone","Attended but not very regular","Recorded lectures made daily schedule flexible","Internet unavailability","Hybrid classes should be a regular provision to incorporate digital literacy","3","Hybrid mode (There is option to either attend live lectures in person or view recordings , exams conducted at centers)"
"2022/10/28 8:34:58 pm GMT+5:30","Yes","Student","","","","","","","","","","","","","","","","","College or University","Laptop/ Tablet","Rarely","Recorded lectures made daily schedule flexible","Lack of resources;Power cuts","Hybrid classes should be conducted occasionally to supplement regular modes of learning","4","Hybrid mode (There is option to either attend live lectures in person or view recordings , exams conducted at centers)"
"2022/10/28 8:35:06 pm GMT+5:30","Yes","Student","","","","","","","","","","","","","","","","","College or University","Laptop/ Tablet","Regularly or most often","Recorded lectures made daily schedule flexible","Internet unavailability","Hybrid classes should be a regular provision to incorporate digital literacy","4","Hybrid mode (There is option to either attend live lectures in person or view recordings , exams conducted at centers)"
"2022/10/28 8:35:47 pm GMT+5:30","Yes","Student","","","","","","","","","","","","","","","","","College or University","Desktop","Attended but not very regular","More study resources helped prepare for exams better;Syllabus was reduced;Recorded lectures made daily schedule flexible","Internet unavailability;Lack of resources","Hybrid classes should be a regular provision to incorporate digital literacy","2","Hybrid mode (There is option to either attend live lectures in person or view recordings , exams conducted at centers)"
"2022/10/28 8:59:41 pm GMT+5:30","Yes","Student","","","","","","","","","","","","","","","","","College or University","Mobile phone","Regularly or most often","Recorded lectures made daily schedule flexible","Internet unavailability","Hybrid classes should be a regular provision to incorporate digital literacy","4","Offline learning ( Without any of video conferencing , recorded lectures, and online exams )"
"2022/10/28 9:33:33 pm GMT+5:30","Yes","Student","","","","","","","","","","","","","","","","","College or University","Laptop/ Tablet","Attended but not very regular","More study resources helped prepare for exams better;Recorded lectures made daily schedule flexible","Power cuts","Hybrid classes should be conducted occasionally to supplement regular modes of learning","4","Hybrid mode (There is option to either attend live lectures in person or view recordings , exams conducted at centers)"
"2022/10/28 9:38:24 pm GMT+5:30","Yes","Student","","","","","","","","","","","","","","","","","High School (till 12 th grade)","Mobile phone","Attended but not very regular","Syllabus was reduced","Distraction was very high","Hybrid classes should be conducted only during emergencies","3","Offline learning ( Without any of video conferencing , recorded lectures, and online exams )"
"2022/10/28 10:12:39 pm GMT+5:30","Yes","Student","","","","","","","","","","","","","","","","","College or University","Laptop/ Tablet","Attended but not very regular","Recorded lectures made daily schedule flexible","Unfamiliarity with technology","","3","Online classes ( Through video conferencing  or recorded lectures, and online exams )"
"2022/10/28 10:19:20 pm GMT+5:30","Yes","Student","","","","","","","","","","","","","","","","","College or University","Laptop/ Tablet","Rarely","Recorded lectures made daily schedule flexible;More convenient to contact teachers from home to discuss doubts and get guidance","Internet unavailability;Power cuts","Hybrid classes should be a regular provision to incorporate digital literacy","2","Hybrid mode (There is option to either attend live lectures in person or view recordings , exams conducted at centers)"
"2022/10/28 10:20:32 pm GMT+5:30","Yes","Student","","","","","","","","","","","","","","","","","College or University","Laptop/ Tablet","Attended but not very regular","Recorded lectures made daily schedule flexible","","Hybrid classes should be conducted occasionally to supplement regular modes of learning","4","Hybrid mode (There is option to either attend live lectures in person or view recordings , exams conducted at centers)"
"2022/10/28 10:21:53 pm GMT+5:30","Yes","Student","","","","","","","","","","","","","","","","","College or University","Laptop/ Tablet","Attended but not very regular","More study resources helped prepare for exams better;Recorded lectures made daily schedule flexible","Internet unavailability;Many teachers resorted to just using slides as opposed to using a writing board. Also, many teachers would just send pre-recorded lectures instead of teaching live.","Hybrid classes should be a regular provision to incorporate digital literacy","4","Hybrid mode (There is option to either attend live lectures in person or view recordings , exams conducted at centers)"
"2022/10/28 10:42:09 pm GMT+5:30","Yes","Student","","","","","","","","","","","","","","","","","College or University","Laptop/ Tablet","Attended but not very regular","Recorded lectures made daily schedule flexible","Internet unavailability;Power cuts","Hybrid classes should be a regular provision to incorporate digital literacy","4","Hybrid mode (There is option to either attend live lectures in person or view recordings , exams conducted at centers)"
"2022/10/28 10:56:30 pm GMT+5:30","No","","","","","","","","","","","","","","","","","","","","","","","","",""
"2022/10/28 11:21:54 pm GMT+5:30","Yes","Parent/Guardian","College or University","No ,we adjusted easily","2","Lack of Attention;Communication gap with peers","3","Hybrid classes should be a regular provision to incorporate digital literacy","Offline learning ( Without any of video conferencing , recorded lectures, and online exams )","","","","","","","","","","","","","","","","",""
"2022/10/28 11:22:15 pm GMT+5:30","Yes","Parent/Guardian","College or University","No ,we adjusted easily","3","Communication gap with peers;Not having proper environment;Network issues ","3","Hybrid classes should be conducted occasionally to supplement regular teaching","Hybrid mode (There is option to either attend live lectures in person or view recordings , exams conducted at centers)","","","","","","","","","","","","","","","","",""
"2022/10/28 11:55:45 pm GMT+5:30","Yes","Student","","","","","","","","","","","","","","","","","College or University","Laptop/ Tablet","Attended but not very regular","Recorded lectures made daily schedule flexible","","Hybrid classes should be conducted only during emergencies","3","Offline learning ( Without any of video conferencing , recorded lectures, and online exams )"
"2022/10/29 4:09:26 am GMT+5:30","Yes","Teacher/Professor","","","","","","","","","College or university","5","2","Online resources helped demonstrate concepts more effectively","Poor interaction","They asked fewer doubts","Hybrid classes should be conducted occasionally to supplement regular modes of teaching","Hybrid mode (There is option to either attend live lectures in person or view recordings , exams conducted at centers)","","","","","","","",""
"2022/10/29 5:52:12 am GMT+5:30","Yes","Parent/Guardian","Primary or Middle School (till 5th grade)","No ,we adjusted easily","3","Lack of Attention;Communication gap with peers;Not having proper environment","5","Hybrid classes should be conducted occasionally to supplement regular teaching","Offline learning ( Without any of video conferencing , recorded lectures, and online exams )","To ensure to gain child's attention and one to one interaction to cross check .","","","","","","","","","","","","","","","",""
"2022/10/29 6:07:53 am GMT+5:30","Yes","Parent/Guardian","High School (till 12 th grade)","No ,we adjusted easily","5","Communication gap with peers;Not having proper environment","4","Hybrid classes should be conducted occasionally to supplement regular teaching","Hybrid mode (There is option to either attend live lectures in person or view recordings , exams conducted at centers)","The practical experience is missing in science subjects. The ambience of class is missing ","","","","","","","","","","","","","","","",""
"2022/10/29 7:21:52 am GMT+5:30","No","","","","","","","","","","","","","","","","","","","","","","","","",""
"2022/10/29 7:37:11 am GMT+5:30","Yes","Parent/Guardian","College or University","No ,we adjusted easily","5","Not having proper environment","3","Hybrid classes should be conducted occasionally to supplement regular teaching","Hybrid mode (There is option to either attend live lectures in person or view recordings , exams conducted at centers)","","","","","","","","","","","","","","","","",""
"2022/10/29 8:05:21 am GMT+5:30","Yes","Parent/Guardian","High School (till 12 th grade)","No ,we adjusted easily","4","Communication gap with peers","2","Hybrid classes should be a regular provision to incorporate digital literacy","Hybrid mode (There is option to either attend live lectures in person or view recordings , exams conducted at centers)","","","","","","","","","","","","","","","","",""
"2022/10/29 9:05:05 am GMT+5:30","Yes","Parent/Guardian","High School (till 12 th grade)","No ,we adjusted easily","4","Lack of Attention;Not having proper environment;Teachers were not available to discuss doubts","4","Hybrid classes should be conducted occasionally to supplement regular teaching","Hybrid mode (There is option to either attend live lectures in person or view recordings , exams conducted at centers)","Measures to increase attentiveness","","","","","","","","","","","","","","","",""
"2022/10/29 10:03:20 am GMT+5:30","Yes","Student","","","","","","","","","","","","","","","","","High School (till 12 th grade)","Laptop/ Tablet","Attended but not very regular","Syllabus was reduced;Recorded lectures made daily schedule flexible","Internet unavailability;Lack of resources;Unfamiliarity with technology;Power cuts","Hybrid classes should be conducted occasionally to supplement regular modes of learning","4","Online classes ( Through video conferencing  or recorded lectures, and online exams )"
"2022/10/29 10:52:51 am GMT+5:30","Yes","Parent/Guardian","College or University","No ,we adjusted easily","3","Lack of Attention;Not having proper environment;Teachers were not available to discuss doubts","4","Hybrid classes should be a regular provision to incorporate digital literacy","Hybrid mode (There is option to either attend live lectures in person or view recordings , exams conducted at centers)","Time spent on self learning.","","","","","","","","","","","","","","","",""
"2022/10/29 11:03:19 am GMT+5:30","Yes","Student","","","","","","","","","","","","","","","","","College or University","Laptop/ Tablet","Attended but not very regular","More study resources helped prepare for exams better;Recorded lectures made daily schedule flexible","Internet unavailability","Hybrid classes should be a regular provision to incorporate digital literacy","4","Hybrid mode (There is option to either attend live lectures in person or view recordings , exams conducted at centers)"
"2022/10/29 11:19:55 am GMT+5:30","Yes","Parent/Guardian","College or University","No ,we adjusted easily","3","Not having proper environment","4","Hybrid classes should be conducted occasionally to supplement regular teaching","Offline learning ( Without any of video conferencing , recorded lectures, and online exams )","","","","","","","","","","","","","","","","",""
"2022/10/29 11:20:26 am GMT+5:30","Yes","Teacher/Professor","","","","","","","","","College or university","4","2","Flexibility in conducting classes","Poor interaction","They asked fewer doubts","Hybrid classes should be conducted occasionally to supplement regular modes of teaching","Hybrid mode (There is option to either attend live lectures in person or view recordings , exams conducted at centers)","","","","","","","",""
"2022/10/29 11:25:43 am GMT+5:30","Yes","Parent/Guardian","College or University","No ,we adjusted easily","3","Not having proper environment;Teachers were not available to discuss doubts","4","Hybrid classes should be a regular provision to incorporate digital literacy","Offline learning ( Without any of video conferencing , recorded lectures, and online exams )","Arrange online classes","","","","","","","","","","","","","","","",""
"2022/10/29 12:48:23 pm GMT+5:30","Yes","Parent/Guardian","College or University","No ,we adjusted easily","4","Not having proper environment","3","Hybrid classes should be conducted occasionally to supplement regular teaching","Online classes ( Through video conferencing  or recorded lectures, and online exams )","","","","","","","","","","","","","","","","",""
"2022/10/29 1:18:06 pm GMT+5:30","No","","","","","","","","","","","","","","","","","","","","","","","","",""
"2022/10/29 2:21:24 pm GMT+5:30","Yes","Parent/Guardian","Primary or Middle School (till 5th grade)","No ,we adjusted easily","3","Lack of Attention;Not having proper environment","4","Hybrid classes should be conducted occasionally to supplement regular teaching","Online classes ( Through video conferencing  or recorded lectures, and online exams )","","","","","","","","","","","","","","","","",""
"2022/10/29 2:28:46 pm GMT+5:30","Yes","Parent/Guardian","College or University","Yes ,it had a considerable impact","5","Communication gap with peers","3","Hybrid classes should be conducted only during emergencies","Online classes ( Through video conferencing  or recorded lectures, and online exams )","","","","","","","","","","","","","","","","",""
"2022/10/29 2:30:41 pm GMT+5:30","Yes","Parent/Guardian","High School (till 12 th grade)","No ,we adjusted easily","2","Lack of Attention;Communication gap with peers;Not having proper environment","4","Hybrid classes should be conducted only during emergencies","Offline learning ( Without any of video conferencing , recorded lectures, and online exams )","Should be concession in fees and also gadget to be provided to online learning by school and also should be in restricted mode ","","","","","","","","","","","","","","","",""
"2022/10/29 2:31:10 pm GMT+5:30","Yes","Parent/Guardian","College or University","No ,we adjusted easily","2","Teachers were not available to discuss doubts","1","Hybrid classes should be conducted occasionally to supplement regular teaching","Hybrid mode (There is option to either attend live lectures in person or view recordings , exams conducted at centers)","","","","","","","","","","","","","","","","",""
"2022/10/29 2:31:59 pm GMT+5:30","Yes","Parent/Guardian","College or University","Yes ,it had a considerable impact","3","Lack of Attention;Communication gap with peers;Not having proper environment;Teachers were not available to discuss doubts","5","Hybrid classes should be conducted only during emergencies","Online classes ( Through video conferencing  or recorded lectures, and online exams )","Emphasize on practicals","","","","","","","","","","","","","","","",""
"2022/10/29 2:45:23 pm GMT+5:30","Yes","Parent/Guardian","Primary or Middle School (till 5th grade)","Yes ,it had a considerable impact","4","","5","Hybrid classes should be conducted only during emergencies","Offline learning ( Without any of video conferencing , recorded lectures, and online exams )","Much better","","","","","","","","","","","","","","","",""
"2022/10/29 2:47:01 pm GMT+5:30","Yes","Parent/Guardian","High School (till 12 th grade)","No ,we adjusted easily","3","Lack of Attention;Not having proper environment","3","Hybrid classes should be conducted only during emergencies","Offline learning ( Without any of video conferencing , recorded lectures, and online exams )","","","","","","","","","","","","","","","","",""
"2022/10/29 2:48:52 pm GMT+5:30","Yes","Student","","","","","","","","","","","","","","","","","College or University","Mobile phone","Rarely","Syllabus was reduced","Lack of resources","Hybrid classes should be conducted only during emergencies","4","Offline learning ( Without any of video conferencing , recorded lectures, and online exams )"
"2022/10/29 2:49:19 pm GMT+5:30","No","","","","","","","","","","","","","","","","","","","","","","","","",""
"2022/10/29 2:49:41 pm GMT+5:30","Yes","Parent/Guardian","High School (till 12 th grade)","No ,we adjusted easily","1","Lack of Attention;Communication gap with peers;Not having proper environment;Teachers were not available to discuss doubts","5","Hybrid classes should be conducted occasionally to supplement regular teaching","Offline learning ( Without any of video conferencing , recorded lectures, and online exams )","","","","","","","","","","","","","","","","",""
"2022/10/29 2:52:13 pm GMT+5:30","Yes","Parent/Guardian","College or University","Yes ,it had a considerable impact","2","Lack of Attention;Communication gap with peers;Not having proper environment;Teachers were not available to discuss doubts","3","Hybrid classes should be a regular provision to incorporate digital literacy","Offline learning ( Without any of video conferencing , recorded lectures, and online exams )","Nothing","","","","","","","","","","","","","","","",""
"2022/10/29 2:58:15 pm GMT+5:30","Yes","Parent/Guardian","College or University","No ,we adjusted easily","4","Teachers were not available to discuss doubts","2","Hybrid classes should be conducted occasionally to supplement regular teaching","Hybrid mode (There is option to either attend live lectures in person or view recordings , exams conducted at centers)","Digital learning ","","","","","","","","","","","","","","","",""
"2022/10/29 2:59:01 pm GMT+5:30","Yes","Parent/Guardian","High School (till 12 th grade)","No ,we adjusted easily","4","Not having proper environment","3","Hybrid classes should be a regular provision to incorporate digital literacy","Hybrid mode (There is option to either attend live lectures in person or view recordings , exams conducted at centers)","","","","","","","","","","","","","","","","",""
"2022/10/29 2:59:37 pm GMT+5:30","Yes","Student","","","","","","","","","","","","","","","","","College or University","Desktop","Attended but not very regular","Syllabus was reduced;Recorded lectures made daily schedule flexible","Internet unavailability;Power cuts","Hybrid classes should be a regular provision to incorporate digital literacy","5","Hybrid mode (There is option to either attend live lectures in person or view recordings , exams conducted at centers)"
"2022/10/29 3:11:21 pm GMT+5:30","Yes","Parent/Guardian","High School (till 12 th grade)","No ,we adjusted easily","4","Lack of Attention","5","Hybrid classes should be conducted occasionally to supplement regular teaching","Offline learning ( Without any of video conferencing , recorded lectures, and online exams )","","","","","","","","","","","","","","","","",""
"2022/10/29 3:15:34 pm GMT+5:30","Yes","Student","","","","","","","","","","","","","","","","","High School (till 12 th grade)","Mobile phone","Regularly or most often","Syllabus was reduced;Recorded lectures made daily schedule flexible","Internet unavailability;Power cuts","Hybrid classes should be a regular provision to incorporate digital literacy","4","Hybrid mode (There is option to either attend live lectures in person or view recordings , exams conducted at centers)"
"2022/10/29 3:19:15 pm GMT+5:30","Yes","Parent/Guardian","High School (till 12 th grade)","No ,we adjusted easily","3","Lack of Attention","3","Hybrid classes should be conducted only during emergencies","Hybrid mode (There is option to either attend live lectures in person or view recordings , exams conducted at centers)","","","","","","","","","","","","","","","","",""
"2022/10/29 3:20:35 pm GMT+5:30","Yes","Teacher/Professor","","","","","","","","","High School (till 12 th grade)","3","2","Flexibility in conducting classes;Online assignments and tests are easier to evaluate;Saved time and effort during lectures","Poor interaction;Low attendance","It was nearly the same","Hybrid classes should be conducted occasionally to supplement regular modes of teaching","Offline learning ( Without any of video conferencing , recorded lectures, and online exams )","","","","","","","",""
"2022/10/29 3:21:34 pm GMT+5:30","Yes","Student","","","","","","","","","","","","","","","","","College or University","Laptop/ Tablet","Regularly or most often","Syllabus was reduced","Power cuts","Hybrid classes should be conducted occasionally to supplement regular modes of learning","4","Hybrid mode (There is option to either attend live lectures in person or view recordings , exams conducted at centers)"
"2022/10/29 3:25:52 pm GMT+5:30","Yes","Parent/Guardian","Primary or Middle School (till 5th grade)","Yes ,it had a considerable impact","3","Lack of Attention;Communication gap with peers;Not having proper environment;Teachers were not available to discuss doubts","3","Hybrid classes should be conducted only during emergencies","Offline learning ( Without any of video conferencing , recorded lectures, and online exams )","it must be focused on every student ","","","","","","","","","","","","","","","",""
"2022/10/29 3:37:26 pm GMT+5:30","Yes","Parent/Guardian","","No ,we adjusted easily","5","Not having proper environment","1","Hybrid classes should be a regular provision to incorporate digital literacy","Hybrid mode (There is option to either attend live lectures in person or view recordings , exams conducted at centers)","More discussion ","","","","","","","","","","","","","","","",""
"2022/10/29 3:42:36 pm GMT+5:30","Yes","Teacher/Professor","","","","","","","","","Primary or Middle School (till 5 th grade)","3","2","Online resources helped demonstrate concepts more effectively","Poor interaction;Unfamiliarity with technology;Low attendance;Power cuts","Can't say","Hybrid classes should be conducted only during emergencies","Offline learning ( Without any of video conferencing , recorded lectures, and online exams )","","","","","","","",""
"2022/10/29 3:59:51 pm GMT+5:30","Yes","Student","","","","","","","","","","","","","","","","","College or University","Laptop/ Tablet","Attended but not very regular","More study resources helped prepare for exams better","Power cuts;Network issue","Hybrid classes should be conducted occasionally to supplement regular modes of learning","4","Hybrid mode (There is option to either attend live lectures in person or view recordings , exams conducted at centers)"
"2022/10/29 4:02:11 pm GMT+5:30","Yes","Student","","","","","","","","","","","","","","","","","College or University","Laptop/ Tablet","Regularly or most often","Syllabus was reduced;Recorded lectures made daily schedule flexible","","Hybrid classes should be a regular provision to incorporate digital literacy","5","Hybrid mode (There is option to either attend live lectures in person or view recordings , exams conducted at centers)"
"2022/10/29 4:13:59 pm GMT+5:30","Yes","Student","","","","","","","","","","","","","","","","","College or University","Laptop/ Tablet","Regularly or most often","More study resources helped prepare for exams better","Internet unavailability","Hybrid classes should be a regular provision to incorporate digital literacy","4","Hybrid mode (There is option to either attend live lectures in person or view recordings , exams conducted at centers)"
"2022/10/29 4:19:38 pm GMT+5:30","No","","","","","","","","","","","","","","","","","","","","","","","","",""
"2022/10/29 5:07:30 pm GMT+5:30","No","","","","","","","","","","","","","","","","","","","","","","","","",""
"2022/10/29 5:16:08 pm GMT+5:30","Yes","Parent/Guardian","College or University","No ,we adjusted easily","4","Lack of Attention;Not having proper environment","2","Hybrid classes should be conducted occasionally to supplement regular teaching","Hybrid mode (There is option to either attend live lectures in person or view recordings , exams conducted at centers)","","","","","","","","","","","","","","","","",""
"2022/10/29 5:18:25 pm GMT+5:30","No","","","","","","","","","","","","","","","","","","","","","","","","",""
"2022/10/29 5:38:46 pm GMT+5:30","Yes","Parent/Guardian","College or University","Yes ,it had a considerable impact","4","Communication gap with peers;Teachers were not available to discuss doubts","4","Hybrid classes should be conducted only during emergencies","Hybrid mode (There is option to either attend live lectures in person or view recordings , exams conducted at centers)","","","","","","","","","","","","","","","","",""
"2022/10/29 5:47:36 pm GMT+5:30","No","","","","","","","","","","","","","","","","","","","","","","","","",""
"2022/10/29 5:48:15 pm GMT+5:30","Yes","Parent/Guardian","High School (till 12 th grade)","No ,we adjusted easily","1","Lack of Attention","4","Hybrid classes should be conducted only during emergencies","Offline learning ( Without any of video conferencing , recorded lectures, and online exams )","","","","","","","","","","","","","","","","",""
"2022/10/29 5:50:27 pm GMT+5:30","Yes","Parent/Guardian","High School (till 12 th grade)","No ,we adjusted easily","1","Lack of Attention","4","Hybrid classes should be conducted only during emergencies","Offline learning ( Without any of video conferencing , recorded lectures, and online exams )","","","","","","","","","","","","","","","","",""
"2022/10/29 5:51:21 pm GMT+5:30","Yes","Teacher/Professor","","","","","","","","","High School (till 12 th grade)","5","2","Flexibility in conducting classes;Online assignments and tests are easier to evaluate;Saved time and effort during lectures;Online resources helped demonstrate concepts more effectively","Low attendance;Power cuts","It was nearly the same","Hybrid classes should be conducted occasionally to supplement regular modes of teaching","Hybrid mode (There is option to either attend live lectures in person or view recordings , exams conducted at centers)","","","","","","","",""
"2022/10/29 5:56:56 pm GMT+5:30","Yes","Student","","","","","","","","","","","","","","","","","College or University","Mobile phone","Rarely","Recorded lectures made daily schedule flexible","Unfamiliarity with technology","Hybrid classes should be a regular provision to incorporate digital literacy","3","Hybrid mode (There is option to either attend live lectures in person or view recordings , exams conducted at centers)"
"2022/10/29 5:59:00 pm GMT+5:30","Yes","Parent/Guardian","College or University","No ,we adjusted easily","4","Lack of Attention;Communication gap with peers;Not having proper environment;Teachers were not available to discuss doubts","4","Hybrid classes should be a regular provision to incorporate digital literacy","Hybrid mode (There is option to either attend live lectures in person or view recordings , exams conducted at centers)","","","","","","","","","","","","","","","","",""
"2022/10/29 6:01:14 pm GMT+5:30","Yes","Student","","","","","","","","","","","","","","","","","Primary or Middle School (till 5 th grade)","Mobile phone","Regularly or most often","Syllabus was reduced;Recorded lectures made daily schedule flexible","Internet unavailability;Power cuts","Hybrid classes should be a regular provision to incorporate digital literacy","4","Hybrid mode (There is option to either attend live lectures in person or view recordings , exams conducted at centers)"
"2022/10/29 6:10:45 pm GMT+5:30","Yes","Parent/Guardian","High School (till 12 th grade)","No ,we adjusted easily","5","Communication gap with peers;Not having proper environment","5","Hybrid classes should be a regular provision to incorporate digital literacy","Hybrid mode (There is option to either attend live lectures in person or view recordings , exams conducted at centers)","Good teacher ","","","","","","","","","","","","","","","",""
"2022/10/29 6:16:25 pm GMT+5:30","No","","","","","","","","","","","","","","","","","","","","","","","","",""
"2022/10/29 6:17:10 pm GMT+5:30","Yes","Parent/Guardian","College or University","No ,we adjusted easily","3","Lack of Attention;Communication gap with peers","5","Hybrid classes should be conducted only during emergencies","Offline learning ( Without any of video conferencing , recorded lectures, and online exams )","","","","","","","","","","","","","","","","",""
"2022/10/29 6:22:01 pm GMT+5:30","Yes","Parent/Guardian","Primary or Middle School (till 5th grade)","No ,we adjusted easily","2","Lack of Attention","1","Hybrid classes should be conducted only during emergencies","Offline learning ( Without any of video conferencing , recorded lectures, and online exams )","Strictness","","","","","","","","","","","","","","","",""
"2022/10/29 6:22:20 pm GMT+5:30","Yes","Student","","","","","","","","","","","","","","","","","College or University","Mobile phone","Attended but not very regular","Syllabus was reduced;More convenient to contact teachers from home to discuss doubts and get guidance","Internet unavailability;Power cuts","Hybrid classes should be conducted occasionally to supplement regular modes of learning","4","Hybrid mode (There is option to either attend live lectures in person or view recordings , exams conducted at centers)"
"2022/10/29 6:23:48 pm GMT+5:30","Yes","Student","","","","","","","","","","","","","","","","","College or University","Laptop/ Tablet","Regularly or most often","More study resources helped prepare for exams better","Internet unavailability","Hybrid classes should be a regular provision to incorporate digital literacy","5","Hybrid mode (There is option to either attend live lectures in person or view recordings , exams conducted at centers)"
"2022/10/29 6:27:01 pm GMT+5:30","Yes","Parent/Guardian","Primary or Middle School (till 5th grade)","No ,we adjusted easily","1","Lack of Attention;Communication gap with peers","2","Hybrid classes should be conducted only during emergencies","Offline learning ( Without any of video conferencing , recorded lectures, and online exams )","","","","","","","","","","","","","","","","",""
"2022/10/29 6:33:52 pm GMT+5:30","Yes","Teacher/Professor","","","","","","","","","College or university","4","2","Flexibility in conducting classes;Saved time and effort during lectures","Poor interaction","It was nearly the same","Hybrid classes should be conducted only during emergencies","Offline learning ( Without any of video conferencing , recorded lectures, and online exams )","","","","","","","",""
"2022/10/29 6:33:54 pm GMT+5:30","Yes","Parent/Guardian","High School (till 12 th grade)","No ,we adjusted easily","3","Lack of Attention;Communication gap with peers;Not having proper environment","5","Hybrid classes should be conducted only during emergencies","Offline learning ( Without any of video conferencing , recorded lectures, and online exams )","They should arrange weekly meetings with students concerning their problems during online classes ","","","","","","","","","","","","","","","",""
"2022/10/29 6:34:28 pm GMT+5:30","Yes","Student","","","","","","","","","","","","","","","","","College or University","Mobile phone","Regularly or most often","Recorded lectures made daily schedule flexible","Internet unavailability","Hybrid classes should be conducted occasionally to supplement regular modes of learning","2","Hybrid mode (There is option to either attend live lectures in person or view recordings , exams conducted at centers)"
"2022/10/29 6:37:24 pm GMT+5:30","Yes","Student","","","","","","","","","","","","","","","","","College or University","Mobile phone","Attended but not very regular","Recorded lectures made daily schedule flexible","Internet unavailability;Power cuts","Hybrid classes should be conducted occasionally to supplement regular modes of learning","3","Hybrid mode (There is option to either attend live lectures in person or view recordings , exams conducted at centers)"
"2022/10/29 6:37:55 pm GMT+5:30","Yes","Student","","","","","","","","","","","","","","","","","College or University","Laptop/ Tablet","Regularly or most often","Recorded lectures made daily schedule flexible","Lack of discipline","Hybrid classes should be conducted occasionally to supplement regular modes of learning","4","Hybrid mode (There is option to either attend live lectures in person or view recordings , exams conducted at centers)"
"2022/10/29 6:42:08 pm GMT+5:30","No","","","","","","","","","","","","","","","","","","","","","","","","",""
"2022/10/29 6:46:06 pm GMT+5:30","Yes","Student","","","","","","","","","","","","","","","","","College or University","Laptop/ Tablet","Regularly or most often","More study resources helped prepare for exams better;Syllabus was reduced;Recorded lectures made daily schedule flexible","Internet unavailability;Power cuts","Hybrid classes should be a regular provision to incorporate digital literacy","5","Hybrid mode (There is option to either attend live lectures in person or view recordings , exams conducted at centers)"
"2022/10/29 6:53:40 pm GMT+5:30","Yes","Student","","","","","","","","","","","","","","","","","College or University","Mobile phone","Regularly or most often","Recorded lectures made daily schedule flexible","Internet unavailability;Power cuts","Hybrid classes should be conducted occasionally to supplement regular modes of learning","1","Hybrid mode (There is option to either attend live lectures in person or view recordings , exams conducted at centers)"
"2022/10/29 7:00:20 pm GMT+5:30","Yes","Parent/Guardian","College or University","Yes ,it had a considerable impact","3","Lack of Attention;Communication gap with peers;Not having proper environment","3","Hybrid classes should be conducted occasionally to supplement regular teaching","Online classes ( Through video conferencing  or recorded lectures, and online exams )","","","","","","","","","","","","","","","","",""
"2022/10/29 7:25:12 pm GMT+5:30","No","","","","","","","","","","","","","","","","","","","","","","","","",""
"2022/10/29 7:28:59 pm GMT+5:30","Yes","Student","","","","","","","","","","","","","","","","","College or University","Mobile phone","Attended but not very regular","Syllabus was reduced","Internet unavailability;Lack of resources;Unfamiliarity with technology","Hybrid classes should be conducted only during emergencies","1","Offline learning ( Without any of video conferencing , recorded lectures, and online exams )"
"2022/10/29 7:29:00 pm GMT+5:30","Yes","Parent/Guardian","College or University","No ,we adjusted easily","3","Teachers were not available to discuss doubts","3","Hybrid classes should be a regular provision to incorporate digital literacy","Offline learning ( Without any of video conferencing , recorded lectures, and online exams )","","","","","","","","","","","","","","","","",""
"2022/10/29 7:34:03 pm GMT+5:30","Yes","Parent/Guardian","High School (till 12 th grade)","Yes ,it had a considerable impact","1","Lack of Attention;Communication gap with peers","2","Hybrid classes should be conducted only during emergencies","Offline learning ( Without any of video conferencing , recorded lectures, and online exams )","","","","","","","","","","","","","","","","",""
"2022/10/29 7:36:27 pm GMT+5:30","Yes","Parent/Guardian","Primary or Middle School (till 5th grade)","No ,we adjusted easily","4","Not having proper environment","3","Hybrid classes should be a regular provision to incorporate digital literacy","Hybrid mode (There is option to either attend live lectures in person or view recordings , exams conducted at centers)","","","","","","","","","","","","","","","","",""
"2022/10/29 7:36:34 pm GMT+5:30","Yes","Parent/Guardian","Primary or Middle School (till 5th grade)","No ,we adjusted easily","3","Lack of Attention;Communication gap with peers;Not having proper environment;Teachers were not available to discuss doubts","3","Hybrid classes should be a regular provision to incorporate digital literacy","Hybrid mode (There is option to either attend live lectures in person or view recordings , exams conducted at centers)","","","","","","","","","","","","","","","","",""
"2022/10/29 7:38:53 pm GMT+5:30","Yes","Parent/Guardian","Primary or Middle School (till 5th grade)","No ,we adjusted easily","3","Lack of Attention;Communication gap with peers;Not having proper environment;Teachers were not available to discuss doubts","3","Hybrid classes should be conducted occasionally to supplement regular teaching","Online classes ( Through video conferencing  or recorded lectures, and online exams )","","","","","","","","","","","","","","","","",""
"2022/10/29 7:52:42 pm GMT+5:30","Yes","Student","","","","","","","","","","","","","","","","","College or University","Laptop/ Tablet","Attended but not very regular","Syllabus was reduced","Internet unavailability;Distractions ","Hybrid classes should be a regular provision to incorporate digital literacy","4","Hybrid mode (There is option to either attend live lectures in person or view recordings , exams conducted at centers)"
"2022/10/29 8:47:46 pm GMT+5:30","Yes","Student","","","","","","","","","","","","","","","","","College or University","Mobile phone","Regularly or most often","Recorded lectures made daily schedule flexible;More convenient to contact teachers from home to discuss doubts and get guidance","Internet unavailability;Power cuts","Hybrid classes should be conducted only during emergencies","4","Offline learning ( Without any of video conferencing , recorded lectures, and online exams )"
"2022/10/29 8:55:35 pm GMT+5:30","Yes","Student","","","","","","","","","","","","","","","","","College or University","Mobile phone","Regularly or most often","Recorded lectures made daily schedule flexible;More convenient to contact teachers from home to discuss doubts and get guidance","Internet unavailability","Hybrid classes should be conducted occasionally to supplement regular modes of learning","3","Hybrid mode (There is option to either attend live lectures in person or view recordings , exams conducted at centers)"
"2022/10/29 9:26:41 pm GMT+5:30","Yes","Parent/Guardian","College or University","No ,we adjusted easily","5","Not getting coffee frequently","1","Hybrid classes should be a regular provision to incorporate digital literacy","Online classes ( Through video conferencing  or recorded lectures, and online exams )","Learns to access unlomited information available on web","","","","","","","","","","","","","","","",""
"2022/10/29 9:36:19 pm GMT+5:30","Yes","Student","","","","","","","","","","","","","","","","","College or University","Laptop/ Tablet","Regularly or most often","Recorded lectures made daily schedule flexible","Internet unavailability","Hybrid classes should be a regular provision to incorporate digital literacy","5","Hybrid mode (There is option to either attend live lectures in person or view recordings , exams conducted at centers)"
"2022/10/29 9:45:48 pm GMT+5:30","Yes","Student","","","","","","","","","","","","","","","","","College or University","Laptop/ Tablet","Attended but not very regular","Recorded lectures made daily schedule flexible","","Hybrid classes should be a regular provision to incorporate digital literacy","4","Hybrid mode (There is option to either attend live lectures in person or view recordings , exams conducted at centers)"
"2022/10/29 9:57:25 pm GMT+5:30","Yes","Teacher/Professor","","","","","","","","","Primary or Middle School (till 5 th grade)","5","2","Flexibility in conducting classes","","They asked fewer doubts","Hybrid classes should be conducted occasionally to supplement regular modes of teaching","Offline learning ( Without any of video conferencing , recorded lectures, and online exams )","","","","","","","",""
"2022/10/29 10:07:54 pm GMT+5:30","Yes","Student","","","","","","","","","","","","","","","","","College or University","Laptop/ Tablet","Regularly or most often","Recorded lectures made daily schedule flexible","Internet unavailability","Hybrid classes should be a regular provision to incorporate digital literacy","5","Offline learning ( Without any of video conferencing , recorded lectures, and online exams )"
"2022/10/29 10:34:02 pm GMT+5:30","Yes","Student","","","","","","","","","","","","","","","","","College or University","Mobile phone","Regularly or most often","More study resources helped prepare for exams better;Recorded lectures made daily schedule flexible;More convenient to contact teachers from home to discuss doubts and get guidance","Internet unavailability;Power cuts","Hybrid classes should be a regular provision to incorporate digital literacy","4","Hybrid mode (There is option to either attend live lectures in person or view recordings , exams conducted at centers)"
"2022/10/29 10:38:26 pm GMT+5:30","Yes","Student","","","","","","","","","","","","","","","","","College or University","Laptop/ Tablet","Rarely","Syllabus was reduced","Internet unavailability","Hybrid classes should be conducted occasionally to supplement regular modes of learning","5","Online classes ( Through video conferencing  or recorded lectures, and online exams )"
"2022/10/29 11:47:03 pm GMT+5:30","No","","","","","","","","","","","","","","","","","","","","","","","","",""
"2022/10/30 12:00:54 am GMT+5:30","Yes","Student","","","","","","","","","","","","","","","","","College or University","Laptop/ Tablet","Regularly or most often","More study resources helped prepare for exams better;Recorded lectures made daily schedule flexible","Internet unavailability","Hybrid classes should be conducted occasionally to supplement regular modes of learning","3","Hybrid mode (There is option to either attend live lectures in person or view recordings , exams conducted at centers)"
"2022/10/30 3:55:48 am GMT+5:30","Yes","Teacher/Professor","","","","","","","","","College or university","5","3","Online resources helped demonstrate concepts more effectively","Nothing","It was nearly the same","Hybrid classes should be conducted only during emergencies","Offline learning ( Without any of video conferencing , recorded lectures, and online exams )","","","","","","","",""
"2022/10/30 8:04:06 am GMT+5:30","Yes","Teacher/Professor","","","","","","","","","College or university","4","2","Saved time and effort during lectures","Poor interaction;A constant difficulty to judge and evaluate learning from what's is being taught. Practicals are not possible ","They asked fewer doubts","Hybrid classes should be conducted only during emergencies","Offline learning ( Without any of video conferencing , recorded lectures, and online exams )","","","","","","","",""
"2022/10/30 8:25:48 am GMT+5:30","Yes","Parent/Guardian","College or University","No ,we adjusted easily","2","Lack of Attention;Communication gap with peers;Not having proper environment;Teachers were not available to discuss doubts","4","Hybrid classes should be conducted occasionally to supplement regular teaching","Hybrid mode (There is option to either attend live lectures in person or view recordings , exams conducted at centers)","Ensure proper internet connectivity","","","","","","","","","","","","","","","",""
"2022/10/30 9:11:38 am GMT+5:30","Yes","Teacher/Professor","","","","","","","","","High School (till 12 th grade)","5","3","Online resources helped demonstrate concepts more effectively","Power cuts","They asked more doubts","Hybrid classes should be conducted only during emergencies","Hybrid mode (There is option to either attend live lectures in person or view recordings , exams conducted at centers)","","","","","","","",""
"2022/10/30 9:53:25 am GMT+5:30","Yes","Teacher/Professor","","","","","","","","","College or university","4","3","Flexibility in conducting classes;Online assignments and tests are easier to evaluate;Online resources helped demonstrate concepts more effectively","Low attendance;Internet Banwidth Issues","They asked fewer doubts","Hybrid classes should be a regular provision to incorporate digital literacy","Hybrid mode (There is option to either attend live lectures in person or view recordings , exams conducted at centers)","","","","","","","",""
"2022/10/30 11:12:06 am GMT+5:30","No","","","","","","","","","","","","","","","","","","","","","","","","",""
"2022/10/30 11:15:02 am GMT+5:30","Yes","Parent/Guardian","Primary or Middle School (till 5th grade)","Yes ,it had a considerable impact","4","Lack of Attention;Not having proper environment","4","Hybrid classes should be conducted occasionally to supplement regular teaching","Hybrid mode (There is option to either attend live lectures in person or view recordings , exams conducted at centers)","","","","","","","","","","","","","","","","",""
"2022/10/30 12:05:15 pm GMT+5:30","No","","","","","","","","","","","","","","","","","","","","","","","","",""
"2022/10/30 12:41:57 pm GMT+5:30","No","","","","","","","","","","","","","","","","","","","","","","","","",""
"2022/10/30 1:15:49 pm GMT+5:30","Yes","Teacher/Professor","","","","","","","","","College or university","4","2","Flexibility in conducting classes;Saved time and effort during lectures;Online resources helped demonstrate concepts more effectively","Low attendance;Network problem ","It was nearly the same","Hybrid classes should be a regular provision to incorporate digital literacy","Hybrid mode (There is option to either attend live lectures in person or view recordings , exams conducted at centers)","","","","","","","",""
"2022/10/30 2:22:17 pm GMT+5:30","Yes","Teacher/Professor","","","","","","","","","College or university","5","2","Flexibility in conducting classes;Online assignments and tests are easier to evaluate;Online resources helped demonstrate concepts more effectively","Poor interaction;Power cuts","It was nearly the same","Hybrid classes should be conducted only during emergencies","Hybrid mode (There is option to either attend live lectures in person or view recordings , exams conducted at centers)","","","","","","","",""
"2022/10/30 3:01:48 pm GMT+5:30","Yes","Student","","","","","","","","","","","","","","","","","High School (till 12 th grade)","Laptop/ Tablet","Regularly or most often","More study resources helped prepare for exams better;Recorded lectures made daily schedule flexible;More convenient to contact teachers from home to discuss doubts and get guidance","Power cuts","Hybrid classes should be conducted occasionally to supplement regular modes of learning","4","Hybrid mode (There is option to either attend live lectures in person or view recordings , exams conducted at centers)"
"2022/10/30 3:03:46 pm GMT+5:30","Yes","Student","","","","","","","","","","","","","","","","","College or University","Desktop","Attended but not very regular","More study resources helped prepare for exams better;Recorded lectures made daily schedule flexible","","Hybrid classes should be a regular provision to incorporate digital literacy","4","Hybrid mode (There is option to either attend live lectures in person or view recordings , exams conducted at centers)"
"2022/10/30 3:03:55 pm GMT+5:30","Yes","Student","","","","","","","","","","","","","","","","","High School (till 12 th grade)","Laptop/ Tablet","Regularly or most often","More study resources helped prepare for exams better;Recorded lectures made daily schedule flexible","Internet unavailability","Hybrid classes should be a regular provision to incorporate digital literacy","4","Hybrid mode (There is option to either attend live lectures in person or view recordings , exams conducted at centers)"
"2022/10/30 3:07:28 pm GMT+5:30","Yes","Student","","","","","","","","","","","","","","","","","College or University","Laptop/ Tablet","Regularly or most often","More study resources helped prepare for exams better;Syllabus was reduced;Recorded lectures made daily schedule flexible","Internet unavailability;Power cuts;Distractions as in on other tabs on laptop while classes were going on","Hybrid classes should be conducted only during emergencies","2","Offline learning ( Without any of video conferencing , recorded lectures, and online exams )"
"2022/10/30 3:13:33 pm GMT+5:30","Yes","Student","","","","","","","","","","","","","","","","","College or University","Laptop/ Tablet","Regularly or most often","","Internet unavailability;Lack of resources","Hybrid classes should be a regular provision to incorporate digital literacy","2","Hybrid mode (There is option to either attend live lectures in person or view recordings , exams conducted at centers)"
"2022/10/30 3:30:01 pm GMT+5:30","Yes","Parent/Guardian","College or University","No ,we adjusted easily","2","Communication gap with peers;Not having proper environment;Teachers were not available to discuss doubts","3","Hybrid classes should be conducted only during emergencies","Offline learning ( Without any of video conferencing , recorded lectures, and online exams )","","","","","","","","","","","","","","","","",""
"2022/10/30 3:32:42 pm GMT+5:30","Yes","Student","","","","","","","","","","","","","","","","","College or University","Mobile phone","Regularly or most often","More study resources helped prepare for exams better","Internet unavailability","Hybrid classes should be a regular provision to incorporate digital literacy","4","Offline learning ( Without any of video conferencing , recorded lectures, and online exams )"
"2022/10/30 5:01:20 pm GMT+5:30","Yes","Student","","","","","","","","","","","","","","","","","College or University","Desktop","Regularly or most often","More study resources helped prepare for exams better;Recorded lectures made daily schedule flexible","Internet unavailability;Power cuts","Hybrid classes should be a regular provision to incorporate digital literacy","3","Hybrid mode (There is option to either attend live lectures in person or view recordings , exams conducted at centers)"
"2022/10/30 5:17:02 pm GMT+5:30","Yes","Teacher/Professor","","","","","","","","","Primary or Middle School (till 5 th grade)","4","3","Flexibility in conducting classes","Poor interaction;Unfamiliarity with technology","They asked fewer doubts","Hybrid classes should be a regular provision to incorporate digital literacy","Offline learning ( Without any of video conferencing , recorded lectures, and online exams )","","","","","","","",""
"2022/10/30 5:29:22 pm GMT+5:30","Yes","Student","","","","","","","","","","","","","","","","","High School (till 12 th grade)","Desktop","Attended but not very regular","Recorded lectures made daily schedule flexible","","Hybrid classes should be a regular provision to incorporate digital literacy","4","Hybrid mode (There is option to either attend live lectures in person or view recordings , exams conducted at centers)"
"2022/10/30 6:07:15 pm GMT+5:30","Yes","Parent/Guardian","High School (till 12 th grade)","No ,we adjusted easily","4","Lack of Attention;Communication gap with peers","4","Hybrid classes should be conducted only during emergencies","Offline learning ( Without any of video conferencing , recorded lectures, and online exams )","","","","","","","","","","","","","","","","",""
"2022/10/30 6:09:15 pm GMT+5:30","Yes","Student","","","","","","","","","","","","","","","","","College or University","Laptop/ Tablet","Attended but not very regular","Recorded lectures made daily schedule flexible;More convenient to contact teachers from home to discuss doubts and get guidance","Power cuts","Hybrid classes should be conducted occasionally to supplement regular modes of learning","2","Offline learning ( Without any of video conferencing , recorded lectures, and online exams )"
"2022/10/30 6:46:48 pm GMT+5:30","Yes","Student","","","","","","","","","","","","","","","","","College or University","Mobile phone","Regularly or most often","More study resources helped prepare for exams better","Internet unavailability;Lack of resources","Hybrid classes should be a regular provision to incorporate digital literacy","3","Offline learning ( Without any of video conferencing , recorded lectures, and online exams )"
"2022/10/30 7:54:04 pm GMT+5:30","Yes","Student","","","","","","","","","","","","","","","","","High School (till 12 th grade)","Laptop/ Tablet","Attended but not very regular","More study resources helped prepare for exams better;Recorded lectures made daily schedule flexible","Power cuts","Hybrid classes should be conducted only during emergencies","4","Hybrid mode (There is option to either attend live lectures in person or view recordings , exams conducted at centers)"
"2022/10/30 10:04:59 pm GMT+5:30","Yes","Parent/Guardian","High School (till 12 th grade)","No ,we adjusted easily","4","Communication gap with peers","4","Hybrid classes should be conducted only during emergencies","Offline learning ( Without any of video conferencing , recorded lectures, and online exams )","Prefer offline for overall growth of child, but yes it save time","","","","","","","","","","","","","","","",""
"2022/10/30 11:17:40 pm GMT+5:30","Yes","Student","","","","","","","","","","","","","","","","","High School (till 12 th grade)","Laptop/ Tablet","Regularly or most often","Recorded lectures made daily schedule flexible","Internet unavailability","Hybrid classes should be a regular provision to incorporate digital literacy","3","Hybrid mode (There is option to either attend live lectures in person or view recordings , exams conducted at centers)"
"2022/10/31 7:08:39 pm GMT+5:30","Yes","Student","","","","","","","","","","","","","","","","","High School (till 12 th grade)","Laptop/ Tablet","Regularly or most often","Recorded lectures made daily schedule flexible","Internet unavailability","Hybrid classes should be conducted only during emergencies","2","Offline learning ( Without any of video conferencing , recorded lectures, and online exams )"
"2022/10/31 7:40:04 pm GMT+5:30","Yes","Parent/Guardian","College or University","No ,we adjusted easily","4","Communication gap with peers","4","Hybrid classes should be conducted occasionally to supplement regular teaching","Hybrid mode (There is option to either attend live lectures in person or view recordings , exams conducted at centers)","Digital competency","","","","","","","","","","","","","","","",""
"2022/10/31 7:41:01 pm GMT+5:30","Yes","Parent/Guardian","High School (till 12 th grade)","No ,we adjusted easily","4","Communication gap with peers","5","Hybrid classes should be conducted occasionally to supplement regular teaching","Hybrid mode (There is option to either attend live lectures in person or view recordings , exams conducted at centers)","Digital literacy","","","","","","","","","","","","","","","",""
"2022/10/31 8:50:40 pm GMT+5:30","Yes","Parent/Guardian","Primary or Middle School (till 5th grade)","Yes ,it had a considerable impact","3","Communication gap with peers","3","Hybrid classes should be conducted only during emergencies","Hybrid mode (There is option to either attend live lectures in person or view recordings , exams conducted at centers)","I managed to overcome loopholes in her studies ","","","","","","","","","","","","","","","",""
"2022/10/31 9:14:25 pm GMT+5:30","Yes","Parent/Guardian","High School (till 12 th grade)","No ,we adjusted easily","5","Lack of Attention;Not having proper environment","4","Hybrid classes should be a regular provision to incorporate digital literacy","Hybrid mode (There is option to either attend live lectures in person or view recordings , exams conducted at centers)","easily available teaching materials ","","","","","","","","","","","","","","","",""
"2022/10/31 9:18:29 pm GMT+5:30","Yes","Teacher/Professor","","","","","","","","","High School (till 12 th grade)","2","2","Flexibility in conducting classes","Low attendance","Can't say","Hybrid classes should be conducted only during emergencies","Offline learning ( Without any of video conferencing , recorded lectures, and online exams )","","","","","","","",""
"2022/10/31 9:34:58 pm GMT+5:30","Yes","Student","","","","","","","","","","","","","","","","","High School (till 12 th grade)","Laptop/ Tablet","Regularly or most often","Recorded lectures made daily schedule flexible","Internet unavailability;Lack of resources;Unfamiliarity with technology;Power cuts","Hybrid classes should be conducted only during emergencies","5","Offline learning ( Without any of video conferencing , recorded lectures, and online exams )"
"2022/10/31 10:17:48 pm GMT+5:30","Yes","Parent/Guardian","Primary or Middle School (till 5th grade)","No ,we adjusted easily","4","Lack of Attention;Communication gap with peers","5","Hybrid classes should be conducted only during emergencies","Offline learning ( Without any of video conferencing , recorded lectures, and online exams )","","","","","","","","","","","","","","","","",""
"2022/10/31 10:41:33 pm GMT+5:30","Yes","Parent/Guardian","High School (till 12 th grade)","No ,we adjusted easily","3","Communication gap with peers;Teachers were not available to discuss doubts","5","Hybrid classes should be conducted only during emergencies","Offline learning ( Without any of video conferencing , recorded lectures, and online exams )","","","","","","","","","","","","","","","","",""
"2022/10/31 10:59:01 pm GMT+5:30","Yes","Parent/Guardian","Primary or Middle School (till 5th grade)","No ,we adjusted easily","3","Lack of Attention;Communication gap with peers;Not having proper environment","1","Hybrid classes should be conducted only during emergencies","Offline learning ( Without any of video conferencing , recorded lectures, and online exams )","Figuring out way for peer interaction in online class as well","","","","","","","","","","","","","","","",""
"2022/10/31 11:18:12 pm GMT+5:30","Yes","Parent/Guardian","Primary or Middle School (till 5th grade)","No ,we adjusted easily","1","Not having proper environment","5","Hybrid classes should be conducted only during emergencies","Offline learning ( Without any of video conferencing , recorded lectures, and online exams )","","","","","","","","","","","","","","","","",""
"2022/10/31 11:35:10 pm GMT+5:30","Yes","Parent/Guardian","Primary or Middle School (till 5th grade)","No ,we adjusted easily","5","Communication gap with peers;Not having proper environment","3","Hybrid classes should be a regular provision to incorporate digital literacy","Hybrid mode (There is option to either attend live lectures in person or view recordings , exams conducted at centers)","","","","","","","","","","","","","","","","",""
"2022/10/31 11:36:10 pm GMT+5:30","Yes","Parent/Guardian","High School (till 12 th grade)","No ,we adjusted easily","4","Not having proper environment","4","Hybrid classes should be a regular provision to incorporate digital literacy","Hybrid mode (There is option to either attend live lectures in person or view recordings , exams conducted at centers)","","","","","","","","","","","","","","","","",""
"2022/10/31 11:38:11 pm GMT+5:30","Yes","Parent/Guardian","Primary or Middle School (till 5th grade)","Yes ,it had a considerable impact","4","Lack of Attention;Communication gap with peers;Not having proper environment","5","Hybrid classes should be conducted only during emergencies","Offline learning ( Without any of video conferencing , recorded lectures, and online exams )","","","","","","","","","","","","","","","","",""
"2022/11/01 7:17:06 am GMT+5:30","Yes","Parent/Guardian","Primary or Middle School (till 5th grade)","No ,we adjusted easily","4","Lack of Attention;Communication gap with peers;Not having proper environment","5","Hybrid classes should be conducted only during emergencies","Offline learning ( Without any of video conferencing , recorded lectures, and online exams )","They were good.","","","","","","","","","","","","","","","",""
"2022/11/01 7:19:56 am GMT+5:30","Yes","Parent/Guardian","Primary or Middle School (till 5th grade)","Yes ,it had a considerable impact","1","Lack of Attention;Communication gap with peers;Not having proper environment;Teachers were not available to discuss doubts","2","Hybrid classes should be conducted only during emergencies","Offline learning ( Without any of video conferencing , recorded lectures, and online exams )","Focus more confidence ","","","","","","","","","","","","","","","",""
"2022/11/01 7:49:35 am GMT+5:30","Yes","Parent/Guardian","Primary or Middle School (till 5th grade)","Yes ,it had a considerable impact","3","Lack of Attention;Communication gap with peers;Not having proper environment;Teachers were not available to discuss doubts;Interest in writing diminished","5","Hybrid classes should be conducted occasionally to supplement regular teaching","Offline learning ( Without any of video conferencing , recorded lectures, and online exams )","Regular writing work","","","","","","","","","","","","","","","",""
"2022/11/01 9:08:53 am GMT+5:30","Yes","Parent/Guardian","Primary or Middle School (till 5th grade)","No ,we adjusted easily","3","Lack of Attention;Not having proper environment","5","Hybrid classes should be conducted occasionally to supplement regular teaching","Hybrid mode (There is option to either attend live lectures in person or view recordings , exams conducted at centers)","","","","","","","","","","","","","","","","",""
"2022/11/01 10:45:49 am GMT+5:30","Yes","Student","","","","","","","","","","","","","","","","","College or University","Laptop/ Tablet","Attended but not very regular","More study resources helped prepare for exams better;Recorded lectures made daily schedule flexible","Internet unavailability;Power cuts","Hybrid classes should be conducted only during emergencies","4","Offline learning ( Without any of video conferencing , recorded lectures, and online exams )"
"2022/11/01 10:49:17 am GMT+5:30","Yes","Parent/Guardian","High School (till 12 th grade)","No ,we adjusted easily","4","Lack of Attention;Communication gap with peers;Not having proper environment","3","Hybrid classes should be conducted occasionally to supplement regular teaching","Offline learning ( Without any of video conferencing , recorded lectures, and online exams )","","","","","","","","","","","","","","","","",""
"2022/11/01 4:17:26 pm GMT+5:30","Yes","Student","","","","","","","","","","","","","","","","","High School (till 12 th grade)","Laptop/ Tablet","Regularly or most often","More study resources helped prepare for exams better;Recorded lectures made daily schedule flexible","","Hybrid classes should be conducted only during emergencies","4","Hybrid mode (There is option to either attend live lectures in person or view recordings , exams conducted at centers)"
"2022/11/01 6:38:02 pm GMT+5:30","Yes","Student","","","","","","","","","","","","","","","","","College or University","Mobile phone","Regularly or most often","More study resources helped prepare for exams better;Syllabus was reduced","Unfamiliarity with technology","Hybrid classes should be a regular provision to incorporate digital literacy","4","Hybrid mode (There is option to either attend live lectures in person or view recordings , exams conducted at centers)"
"2022/11/01 9:39:38 pm GMT+5:30","Yes","Student","","","","","","","","","","","","","","","","","College or University","Laptop/ Tablet","Rarely","Recorded lectures made daily schedule flexible","","Hybrid classes should be conducted occasionally to supplement regular modes of learning","3","Hybrid mode (There is option to either attend live lectures in person or view recordings , exams conducted at centers)"
"2022/11/02 1:06:39 am GMT+5:30","Yes","Student","","","","","","","","","","","","","","","","","College or University","Mobile phone","Regularly or most often","","","Hybrid classes should be a regular provision to incorporate digital literacy","4","Hybrid mode (There is option to either attend live lectures in person or view recordings , exams conducted at centers)"
"2022/11/07 9:44:26 pm GMT+5:30","Yes","Teacher/Professor","","","","","","","","","College or university","4","2","Flexibility in conducting classes;Online resources helped demonstrate concepts more effectively","Poor interaction;Low attendance","They asked fewer doubts","Hybrid classes should be conducted occasionally to supplement regular modes of teaching","Hybrid mode (There is option to either attend live lectures in person or view recordings , exams conducted at centers)","","","","","","","",""
"2022/11/08 1:16:32 pm GMT+5:30","Yes","Student","","","","","","","","","","","","","","","","","College or University","Laptop/ Tablet","Attended but not very regular","Syllabus was reduced","Internet unavailability;Laziness ","Hybrid classes should be conducted only during emergencies","1","Offline learning ( Without any of video conferencing , recorded lectures, and online exams )"
"2022/11/12 4:06:46 pm GMT+5:30","Yes","Student","","","","","","","","","","","","","","","","","College or University","Mobile phone","Attended but not very regular","Recorded lectures made daily schedule flexible","Lack of resources","Hybrid classes should be a regular provision to incorporate digital literacy","5","Hybrid mode (There is option to either attend live lectures in person or view recordings , exams conducted at centers)"
"2022/11/21 4:03:15 pm GMT+5:30","Yes","Teacher/Professor","","","","","","","","","College or university","5","2","Flexibility in conducting classes","Poor interaction;Low attendance;Power cuts","They asked fewer doubts","Hybrid classes should be conducted only during emergencies","Offline learning ( Without any of video conferencing , recorded lectures, and online exams )","","","","","","","",""
"2022/11/21 4:49:33 pm GMT+5:30","Yes","Teacher/Professor","","","","","","","","","College or university","4","2","Flexibility in conducting classes;Saved time and effort during lectures","Poor interaction;Low attendance","It was nearly the same","Hybrid classes should be a regular provision to incorporate digital literacy","Hybrid mode (There is option to either attend live lectures in person or view recordings , exams conducted at centers)","","","","","","","",""
"2022/11/22 9:33:33 am GMT+5:30","Yes","Teacher/Professor","","","","","","","","","College or university","4","2","Flexibility in conducting classes","Power cuts","It was nearly the same","Hybrid classes should be conducted only during emergencies","Offline learning ( Without any of video conferencing , recorded lectures, and online exams )","","","","","","","",""
"2022/11/22 2:20:13 pm GMT+5:30","Yes","Teacher/Professor","","","","","","","","","College or university","5","2","Flexibility in conducting classes;Saved time and effort during lectures","Poor interaction;Low attendance","They asked fewer doubts","Hybrid classes should be conducted occasionally to supplement regular modes of teaching","Offline learning ( Without any of video conferencing , recorded lectures, and online exams )","","","","","","","",""
"2022/11/25 1:18:19 pm GMT+5:30","Yes","Student","","","","","","","","","","","","","","","","","College or University","Mobile phone","Attended but not very regular","Recorded lectures made daily schedule flexible","Internet unavailability;Power cuts","Hybrid classes should be a regular provision to incorporate digital literacy","4","Hybrid mode (There is option to either attend live lectures in person or view recordings , exams conducted at centers)"
"2022/11/28 11:47:12 am GMT+5:30","Yes","Teacher/Professor","","","","","","","","","College or university","5","1","","","They asked fewer doubts","Hybrid classes should be conducted only during emergencies","Offline learning ( Without any of video conferencing , recorded lectures, and online exams )","","","","","","","",""
"2022/12/12 10:17:09 am GMT+5:30","Yes","Parent/Guardian","Primary or Middle School (till 5th grade)","No ,we adjusted easily","4","Lack of Attention;Not having proper environment","4","Hybrid classes should be a regular provision to incorporate digital literacy","Hybrid mode (There is option to either attend live lectures in person or view recordings , exams conducted at centers)","","","","","","","","","","","","","","","","",""